1,Sincere Nader,mschiller@example.org,383 Beer Gateway Apt. 871 West Evaview  MT 35197-9530,407.902.0064,Teacher,1,2023-08-24 23:13:27,2023-08-24 23:13:27,2023-08-24 23:13:27,
3,Damon Goldner PhD,camryn.johns@example.net,56124 Jacky Port Suite 786 Nienowburgh  MA 09582-5727,678-751-1600,Engineer,,2023-08-24 23:13:27,2023-08-24 23:13:27,2023-08-24 23:13:27,
4,Rico Wyman,anais85@example.com,19955 Legros Manor Apt. 222 North Norwoodton  IN 55946,812-523-5756,Teacher,1,2023-08-24 23:13:27,2023-08-24 23:13:27,2023-08-24 23:13:27,
5,Muhammad Farrell PhD,doyle.remington@example.net,119 Leuschke Forest Suite 958 Schimmelhaven  AR 92933,1-808-760-2887,Teacher,,2023-08-24 23:13:27,2023-08-24 23:13:27,2023-08-24 23:13:27,
6,Fritz Padberg Sr.,lucie26@example.net,24150 Morissette Knoll Apt. 079 Borerfurt  MA 64344,+1-984-954-7116,Teacher,,2023-08-24 23:13:27,2023-08-24 23:13:27,2023-08-24 23:13:27,
7,Tiana Rodriguez II,jacobson.ernie@example.net,867 Lebsack Landing Suite 641 Port Zaria  MA 31104-4214,1-279-533-3011,Teacher,,2023-08-24 23:13:27,2023-08-24 23:13:27,2023-08-24 23:13:27,
8,Litzy Metz,arno.paucek@example.net,94185 Jody Orchard Apt. 609 Javontefurt  NE 79302-2040,+1-859-216-2965,Lawyer,,2023-08-24 23:13:27,2023-08-24 23:13:27,2023-08-24 23:13:27,
9,Haleigh Mohr PhD,swaniawski.glenda@example.com,99154 Frederic Row Suite 757 Jaydenport  WI 66703,+1-458-841-7783,Teacher,1,2023-08-24 23:13:27,2023-08-24 23:13:27,2023-08-24 23:13:27,
10,Prof. Adaline Treutel MD,romaine71@example.org,469 Donny Heights New Savannamouth  ND 21190,+1-270-986-1685,Engineer,,2023-08-24 23:13:27,2023-08-24 23:13:27,2023-08-24 23:13:27,
11,Cleveland VonRueden,ed44@example.net,946 Delphia Street Beahantown  PA 60838-1894,458.875.0907,Doctor,,2023-08-24 23:13:27,2023-08-24 23:13:27,2023-08-24 23:13:27,
32,Miss Joy Turner II,wisozk.nadia@example.com,294 Upton Knolls Apt. 275 West Marciatown  OK 24965,828-642-8619,Lawyer,1,2023-08-24 23:13:27,2023-08-24 23:13:27,2023-08-24 23:13:27,
42,Laurence Fahey,ydicki@example.net,9218 Lehner Forges West Immanuelside  MA 84337,720-914-6639,Engineer,1,2023-08-24 23:13:27,2023-08-24 23:13:27,2023-08-24 23:13:27,
12,Roger Ruecker,rau.queenie@example.net,66304 Juliana Mill Legrosview  PA 81105,+1.531.870.2445,Doctor,1,2023-08-24 23:13:27,2023-08-24 23:13:27,2023-08-24 23:13:27,
13,Dorian Klein,olaf45@example.org,10820 Feil Park Suite 064 Jessikamouth  AL 14413,(773) 451-2974,Student,1,2023-08-24 23:13:27,2023-08-24 23:13:27,2023-08-24 23:13:27,
14,Garrick Lind DDS,rempel.frances@example.org,51275 Price Valley Suite 727 Schadenton  DE 62510,(563) 459-0254,Doctor,,2023-08-24 23:13:27,2023-08-24 23:13:27,2023-08-24 23:13:27,
15,Prof. Manuela Hammes DVM,jovanny.welch@example.com,109 Vandervort Drive Luisaborough  MS 51339,(262) 788-7308,Teacher,1,2023-08-24 23:13:27,2023-08-24 23:13:27,2023-08-24 23:13:27,
16,Alda Wilderman,tara14@example.net,6194 Skiles Ports Suite 135 Lake Brisatown  AR 38839,(620) 612-8192,Student,1,2023-08-24 23:13:27,2023-08-24 23:13:27,2023-08-24 23:13:27,
17,Bridie Schuster,vprice@example.com,700 Von Landing Rozellaton  FL 51667-4639,626-488-7130,Lawyer,,2023-08-24 23:13:27,2023-08-24 23:13:27,2023-08-24 23:13:27,
18,Precious Zieme Jr.,ziemann.dorcas@example.org,7533 Parker Unions New Diamondstad  MS 99896-8066,925-439-6527,Lawyer,,2023-08-24 23:13:27,2023-08-24 23:13:27,2023-08-24 23:13:27,
19,Madison Walker,regan.jaskolski@example.com,98965 Huels Coves Suite 817 North Susannaview  MI 81504-8690,(801) 300-2157,Lawyer,1,2023-08-24 23:13:27,2023-08-24 23:13:27,2023-08-24 23:13:27,
20,Ashton Bahringer,whitney.stracke@example.com,40137 Jazlyn Passage Blickburgh  RI 83069-0311,1-331-432-4728,Teacher,1,2023-08-24 23:13:27,2023-08-24 23:13:27,2023-08-24 23:13:27,
21,Crystel Pollich,ykuhn@example.net,920 Pearlie Villages Rubieville  DC 16876,1-317-950-5726,Lawyer,,2023-08-24 23:13:27,2023-08-24 23:13:27,2023-08-24 23:13:27,
22,Pink Friesen III,braxton.klocko@example.org,3587 Bernita Route Apt. 667 Labadieton  AZ 93472,606-244-2742,Student,,2023-08-24 23:13:27,2023-08-24 23:13:27,2023-08-24 23:13:27,
23,Prof. Fredy Vandervort V,ehand@example.org,75959 Caleb Light East Pedro  UT 86544,515.709.6202,Lawyer,1,2023-08-24 23:13:27,2023-08-24 23:13:27,2023-08-24 23:13:27,
24,Ludie Kreiger,kale.lueilwitz@example.net,288 Gennaro Burgs New Christinestad  AL 67930-5169,423.447.9392,Teacher,1,2023-08-24 23:13:27,2023-08-24 23:13:27,2023-08-24 23:13:27,
25,Kayla Hand,ystiedemann@example.com,5104 Mueller Orchard Suite 568 South Emeraldhaven  MN 96257,+1 (445) 741-4872,Cook,,2023-08-24 23:13:27,2023-08-24 23:13:27,2023-08-24 23:13:27,
26,Gail D'Amore,chelsea.flatley@example.net,85406 Blick Corners Suite 815 Josephberg  SD 90594,+1 (458) 419-8915,Engineer,,2023-08-24 23:13:27,2023-08-24 23:13:27,2023-08-24 23:13:27,
27,Josefina Balistreri,qjast@example.org,3978 Morar Club Suite 135 Port Salvador  VT 53842-5753,(351) 333-8740,Teacher,,2023-08-24 23:13:27,2023-08-24 23:13:27,2023-08-24 23:13:27,
28,Myah Brekke,miller.estrella@example.com,9077 Jerde Junction South Abbigailfurt  ME 52030,+1-484-654-2652,Cook,,2023-08-24 23:13:27,2023-08-24 23:13:27,2023-08-24 23:13:27,
29,Reece Mitchell,isac.schultz@example.net,32208 Kay Inlet Hansenchester  AZ 29264,(443) 678-1008,Lawyer,1,2023-08-24 23:13:27,2023-08-24 23:13:27,2023-08-24 23:13:27,
30,Demario McKenzie II,trycia14@example.net,2088 Claude Mountain South Newtonland  NJ 48498,508-697-0851,Student,1,2023-08-24 23:13:27,2023-08-24 23:13:27,2023-08-24 23:13:27,
31,Mrs. Alice Lockman V,issac.grady@example.org,77826 Reichert Neck New Loraine  DC 22768-7550,1-463-305-4570,Engineer,,2023-08-24 23:13:27,2023-08-24 23:13:27,2023-08-24 23:13:27,
33,Madeline Lehner,adams.eunice@example.com,96795 Bulah Springs Wehnerberg  MS 92080-2172,+1-276-963-1118,Student,,2023-08-24 23:13:27,2023-08-24 23:13:27,2023-08-24 23:13:27,
34,Dr. Jesse Leannon,xyundt@example.org,661 Jaime Mission Suite 574 Ramonaport  NM 06807-9739,+1-331-890-9846,Engineer,,2023-08-24 23:13:27,2023-08-24 23:13:27,2023-08-24 23:13:27,
35,Antonia Kerluke,uhyatt@example.net,5256 Emelie Parkway Apt. 518 North Kaylin  GA 45134,+18205685313,Lawyer,,2023-08-24 23:13:27,2023-08-24 23:13:27,2023-08-24 23:13:27,
36,Christelle Kozey,romaguera.margret@example.com,9520 Amaya Squares Candaceview  NM 63582-0108,+1-325-509-2048,Teacher,,2023-08-24 23:13:27,2023-08-24 23:13:27,2023-08-24 23:13:27,
45,Joey Christiansen,donnelly.wilton@example.org,94302 Marquardt Crossroad Suite 626 Mayafurt  NY 90279-2556,224.414.2619,Teacher,1,2023-08-24 23:13:27,2023-08-24 23:13:27,2023-08-24 23:13:27,
37,Wilfred Watsica,lglover@example.com,7903 Howell Street Apt. 487 West Alivia  WV 66618-0662,(973) 509-7151,Student,1,2023-08-24 23:13:27,2023-08-24 23:13:27,2023-08-24 23:13:27,
38,Clinton Schamberger,raoul.wunsch@example.org,424 Doyle Groves Kaciland  NV 79904-1460,951.329.0234,Cook,,2023-08-24 23:13:27,2023-08-24 23:13:27,2023-08-24 23:13:27,
39,Ms. Margaret Cole,quitzon.everette@example.net,1126 Judy Groves Suite 998 South Ross  GA 85563,(239) 567-5640,Student,1,2023-08-24 23:13:27,2023-08-24 23:13:27,2023-08-24 23:13:27,
40,Brandy Lindgren,troob@example.com,289 Watsica Valleys West Adriana  NE 11060-7759,+1 (820) 709-8440,Teacher,,2023-08-24 23:13:27,2023-08-24 23:13:27,2023-08-24 23:13:27,
41,Miss Cora Gibson MD,pcollins@example.net,472 Johns Village Suite 319 East Aracelifurt  TX 85336-3911,+1-304-909-1408,Doctor,,2023-08-24 23:13:27,2023-08-24 23:13:27,2023-08-24 23:13:27,
43,Prof. Tyrese Murazik MD,ullrich.georgiana@example.net,4982 Mertz Square Powlowskiport  FL 19658-0762,+1.541.483.5756,Student,,2023-08-24 23:13:27,2023-08-24 23:13:27,2023-08-24 23:13:27,
44,Mr. Derick Connelly,gschuppe@example.com,95545 Becker Burg Oswaldport  AR 57788-4904,361-805-1170,Cook,1,2023-08-24 23:13:27,2023-08-24 23:13:27,2023-08-24 23:13:27,
46,Zaria Crooks,don.cummings@example.com,63563 Ernser Mews Apt. 220 Stantonstad  DC 28445-7266,(618) 804-0837,Teacher,,2023-08-24 23:13:27,2023-08-24 23:13:27,2023-08-24 23:13:27,
47,Keenan Kuhic,rudy.bergstrom@example.net,2428 Myrl Knoll Apt. 482 Brycechester  AR 40102,1-248-608-3640,Doctor,,2023-08-24 23:13:27,2023-08-24 23:13:27,2023-08-24 23:13:27,
48,Prof. Garrick Wyman MD,glennie.barrows@example.org,51345 Rod Avenue Apt. 337 Hageneshaven  DC 39252,+1 (920) 608-4197,Student,1,2023-08-24 23:13:27,2023-08-24 23:13:27,2023-08-24 23:13:27,
49,Amaya O'Connell,vherzog@example.com,6327 Wehner Drives Apt. 312 Seamusview  NC 25668,+17866133896,Lawyer,1,2023-08-24 23:13:27,2023-08-24 23:13:27,2023-08-24 23:13:27,
50,Adalberto Kerluke,kdonnelly@example.org,61876 Price Circle Apt. 237 Eugeneview  LA 83215,770-621-2351,Student,1,2023-08-24 23:13:27,2023-08-24 23:13:27,2023-08-24 23:13:27,
52,admin,admin@example.com,admin address,123456789,Admin,1,,2023-08-24 23:22:00,2023-08-24 23:22:00,
2,Amanda Witting,dandre45@example.org,667 Jordane Oval Suite 740 Connfort  RI 05493,+1.681.703.6817,Teacher,,2023-08-24 23:13:27,2023-08-24 23:13:27,2023-08-25 01:06:59,
